name,id,height,weight,base_experience,is_default,stat_hp,stat_attack,stat_defense,stat_special_attack,stat_special_defense,stat_speed,primary_type
bulbasaur,1,7,69,64,True,45,49,49,65,65,45,grass
ivysaur,2,10,130,142,True,60,62,63,80,80,60,grass
venusaur,3,20,1000,236,True,80,82,83,100,100,80,grass
charmander,4,6,85,62,True,39,52,43,60,50,65,fire
charmeleon,5,11,190,142,True,58,64,58,80,65,80,fire
charizard,6,17,905,240,True,78,84,78,109,85,100,fire
squirtle,7,5,90,63,True,44,48,65,50,64,43,water
wartortle,8,10,225,142,True,59,63,80,65,80,58,water
blastoise,9,16,855,239,True,79,83,100,85,105,78,water
caterpie,10,3,29,39,True,45,30,35,20,20,45,bug
metapod,11,7,99,72,True,50,20,55,25,25,30,bug
butterfree,12,11,320,178,True,60,45,50,90,80,70,bug
weedle,13,3,32,39,True,40,35,30,20,20,50,bug
kakuna,14,6,100,72,True,45,25,50,25,25,35,bug
beedrill,15,10,295,178,True,65,90,40,45,80,75,bug
pidgey,16,3,18,50,True,40,45,40,35,35,56,normal
pidgeotto,17,11,300,122,True,63,60,55,50,50,71,normal
pidgeot,18,15,395,216,True,83,80,75,70,70,101,normal
rattata,19,3,35,51,True,30,56,35,25,35,72,normal
raticate,20,7,185,145,True,55,81,60,50,70,97,normal
spearow,21,3,20,52,True,40,60,30,31,31,70,normal
fearow,22,12,380,155,True,65,90,65,61,61,100,normal
ekans,23,20,69,58,True,35,60,44,40,54,55,poison
arbok,24,35,650,157,True,60,95,69,65,79,80,poison
pikachu,25,4,60,112,True,35,55,40,50,50,90,electric
raichu,26,8,300,218,True,60,90,55,90,80,110,electric
sandshrew,27,6,120,60,True,50,75,85,20,30,40,ground
sandslash,28,10,295,158,True,75,100,110,45,55,65,ground
nidoran-f,29,4,70,55,True,55,47,52,40,40,41,poison
nidorina,30,8,200,128,True,70,62,67,55,55,56,poison
nidoqueen,31,13,600,227,True,90,92,87,75,85,76,poison
nidoran-m,32,5,90,55,True,46,57,40,40,40,50,poison
nidorino,33,9,195,128,True,61,72,57,55,55,65,poison
nidoking,34,14,620,227,True,81,102,77,85,75,85,poison
clefairy,35,6,75,113,True,70,45,48,60,65,35,fairy
clefable,36,13,400,217,True,95,70,73,95,90,60,fairy
vulpix,37,6,99,60,True,38,41,40,50,65,65,fire
ninetales,38,11,199,177,True,73,76,75,81,100,100,fire
jigglypuff,39,5,55,95,True,115,45,20,45,25,20,normal
wigglytuff,40,10,120,196,True,140,70,45,85,50,45,normal
zubat,41,8,75,49,True,40,45,35,30,40,55,poison
golbat,42,16,550,159,True,75,80,70,65,75,90,poison
oddish,43,5,54,64,True,45,50,55,75,65,30,grass
gloom,44,8,86,138,True,60,65,70,85,75,40,grass
vileplume,45,12,186,221,True,75,80,85,110,90,50,grass
paras,46,3,54,57,True,35,70,55,45,55,25,bug
parasect,47,10,295,142,True,60,95,80,60,80,30,bug
venonat,48,10,300,61,True,60,55,50,40,55,45,bug
venomoth,49,15,125,158,True,70,65,60,90,75,90,bug
diglett,50,2,8,53,True,10,55,25,35,45,95,ground
dugtrio,51,7,333,149,True,35,100,50,50,70,120,ground
meowth,52,4,42,58,True,40,45,35,40,40,90,normal
persian,53,10,320,154,True,65,70,60,65,65,115,normal
psyduck,54,8,196,64,True,50,52,48,65,50,55,water
golduck,55,17,766,175,True,80,82,78,95,80,85,water
mankey,56,5,280,61,True,40,80,35,35,45,70,fighting
primeape,57,10,320,159,True,65,105,60,60,70,95,fighting
growlithe,58,7,190,70,True,55,70,45,70,50,60,fire
arcanine,59,19,1550,194,True,90,110,80,100,80,95,fire
poliwag,60,6,124,60,True,40,50,40,40,40,90,water
poliwhirl,61,10,200,135,True,65,65,65,50,50,90,water
poliwrath,62,13,540,230,True,90,95,95,70,90,70,water
abra,63,9,195,62,True,25,20,15,105,55,90,psychic
kadabra,64,13,565,140,True,40,35,30,120,70,105,psychic
alakazam,65,15,480,225,True,55,50,45,135,95,120,psychic
machop,66,8,195,61,True,70,80,50,35,35,35,fighting
machoke,67,15,705,142,True,80,100,70,50,60,45,fighting
machamp,68,16,1300,227,True,90,130,80,65,85,55,fighting
bellsprout,69,7,40,60,True,50,75,35,70,30,40,grass
weepinbell,70,10,64,137,True,65,90,50,85,45,55,grass
victreebel,71,17,155,221,True,80,105,65,100,70,70,grass
tentacool,72,9,455,67,True,40,40,35,50,100,70,water
tentacruel,73,16,550,180,True,80,70,65,80,120,100,water
geodude,74,4,200,60,True,40,80,100,30,30,20,rock
graveler,75,10,1050,137,True,55,95,115,45,45,35,rock
golem,76,14,3000,223,True,80,120,130,55,65,45,rock
ponyta,77,10,300,82,True,50,85,55,65,65,90,fire
rapidash,78,17,950,175,True,65,100,70,80,80,105,fire
slowpoke,79,12,360,63,True,90,65,65,40,40,15,water
slowbro,80,16,785,172,True,95,75,110,100,80,30,water
magnemite,81,3,60,65,True,25,35,70,95,55,45,electric
magneton,82,10,600,163,True,50,60,95,120,70,70,electric
farfetchd,83,8,150,132,True,52,90,55,58,62,60,normal
doduo,84,14,392,62,True,35,85,45,35,35,75,normal
dodrio,85,18,852,165,True,60,110,70,60,60,110,normal
seel,86,11,900,65,True,65,45,55,45,70,45,water
dewgong,87,17,1200,166,True,90,70,80,70,95,70,water
grimer,88,9,300,65,True,80,80,50,40,50,25,poison
muk,89,12,300,175,True,105,105,75,65,100,50,poison
shellder,90,3,40,61,True,30,65,100,45,25,40,water
cloyster,91,15,1325,184,True,50,95,180,85,45,70,water
gastly,92,13,1,62,True,30,35,30,100,35,80,ghost
haunter,93,16,1,142,True,45,50,45,115,55,95,ghost
gengar,94,15,405,225,True,60,65,60,130,75,110,ghost
onix,95,88,2100,77,True,35,45,160,30,45,70,rock
drowzee,96,10,324,66,True,60,48,45,43,90,42,psychic
hypno,97,16,756,169,True,85,73,70,73,115,67,psychic
krabby,98,4,65,65,True,30,105,90,25,25,50,water
kingler,99,13,600,166,True,55,130,115,50,50,75,water
voltorb,100,5,104,66,True,40,30,50,55,55,100,electric
electrode,101,12,666,172,True,60,50,70,80,80,150,electric
exeggcute,102,4,25,65,True,60,40,80,60,45,40,grass
exeggutor,103,20,1200,186,True,95,95,85,125,75,55,grass
cubone,104,4,65,64,True,50,50,95,40,50,35,ground
marowak,105,10,450,149,True,60,80,110,50,80,45,ground
hitmonlee,106,15,498,159,True,50,120,53,35,110,87,fighting
hitmonchan,107,14,502,159,True,50,105,79,35,110,76,fighting
lickitung,108,12,655,77,True,90,55,75,60,75,30,normal
koffing,109,6,10,68,True,40,65,95,60,45,35,poison
weezing,110,12,95,172,True,65,90,120,85,70,60,poison
rhyhorn,111,10,1150,69,True,80,85,95,30,30,25,ground
rhydon,112,19,1200,170,True,105,130,120,45,45,40,ground
chansey,113,11,346,395,True,250,5,5,35,105,50,normal
tangela,114,10,350,87,True,65,55,115,100,40,60,grass
kangaskhan,115,22,800,172,True,105,95,80,40,80,90,normal
horsea,116,4,80,59,True,30,40,70,70,25,60,water
seadra,117,12,250,154,True,55,65,95,95,45,85,water
goldeen,118,6,150,64,True,45,67,60,35,50,63,water
seaking,119,13,390,158,True,80,92,65,65,80,68,water
staryu,120,8,345,68,True,30,45,55,70,55,85,water
starmie,121,11,800,182,True,60,75,85,100,85,115,water
mr-mime,122,13,545,161,True,40,45,65,100,120,90,psychic
scyther,123,15,560,100,True,70,110,80,55,80,105,bug
jynx,124,14,406,159,True,65,50,35,115,95,95,ice
electabuzz,125,11,300,172,True,65,83,57,95,85,105,electric
magmar,126,13,445,173,True,65,95,57,100,85,93,fire
pinsir,127,15,550,175,True,65,125,100,55,70,85,bug
tauros,128,14,884,172,True,75,100,95,40,70,110,normal
magikarp,129,9,100,40,True,20,10,55,15,20,80,water
gyarados,130,65,2350,189,True,95,125,79,60,100,81,water
lapras,131,25,2200,187,True,130,85,80,85,95,60,water
ditto,132,3,40,101,True,48,48,48,48,48,48,normal
eevee,133,3,65,65,True,55,55,50,45,65,55,normal
vaporeon,134,10,290,184,True,130,65,60,110,95,65,water
jolteon,135,8,245,184,True,65,65,60,110,95,130,electric
flareon,136,9,250,184,True,65,130,60,95,110,65,fire
porygon,137,8,365,79,True,65,60,70,85,75,40,normal
omanyte,138,4,75,71,True,35,40,100,90,55,35,rock
omastar,139,10,350,173,True,70,60,125,115,70,55,rock
kabuto,140,5,115,71,True,30,80,90,55,45,55,rock
kabutops,141,13,405,173,True,60,115,105,65,70,80,rock
aerodactyl,142,18,590,180,True,80,105,65,60,75,130,rock
snorlax,143,21,4600,189,True,160,110,65,65,110,30,normal
articuno,144,17,554,261,True,90,85,100,95,125,85,ice
zapdos,145,16,526,261,True,90,90,85,125,90,100,electric
moltres,146,20,600,261,True,90,100,90,125,85,90,fire
dratini,147,18,33,60,True,41,64,45,50,50,50,dragon
dragonair,148,40,165,147,True,61,84,65,70,70,70,dragon
dragonite,149,22,2100,270,True,91,134,95,100,100,80,dragon
mewtwo,150,20,1220,306,True,106,110,90,154,90,130,psychic
mew,151,4,40,270,True,100,100,100,100,100,100,psychic
chikorita,152,9,64,64,True,45,49,65,49,65,45,grass
bayleef,153,12,158,142,True,60,62,80,63,80,60,grass
meganium,154,18,1005,236,True,80,82,100,83,100,80,grass
cyndaquil,155,5,79,62,True,39,52,43,60,50,65,fire
quilava,156,9,190,142,True,58,64,58,80,65,80,fire
typhlosion,157,17,795,240,True,78,84,78,109,85,100,fire
totodile,158,6,95,63,True,50,65,64,44,48,43,water
croconaw,159,11,250,142,True,65,80,80,59,63,58,water
feraligatr,160,23,888,239,True,85,105,100,79,83,78,water
sentret,161,8,60,43,True,35,46,34,35,45,20,normal
furret,162,18,325,145,True,85,76,64,45,55,90,normal
hoothoot,163,7,212,52,True,60,30,30,36,56,50,normal
noctowl,164,16,408,158,True,100,50,50,86,96,70,normal
ledyba,165,10,108,53,True,40,20,30,40,80,55,bug
ledian,166,14,356,137,True,55,35,50,55,110,85,bug
spinarak,167,5,85,50,True,40,60,40,40,40,30,bug
ariados,168,11,335,140,True,70,90,70,60,70,40,bug
crobat,169,18,750,241,True,85,90,80,70,80,130,poison
chinchou,170,5,120,66,True,75,38,38,56,56,67,water
lanturn,171,12,225,161,True,125,58,58,76,76,67,water
pichu,172,3,20,41,True,20,40,15,35,35,60,electric
cleffa,173,3,30,44,True,50,25,28,45,55,15,fairy
igglybuff,174,3,10,42,True,90,30,15,40,20,15,normal
togepi,175,3,15,49,True,35,20,65,40,65,20,fairy
togetic,176,6,32,142,True,55,40,85,80,105,40,fairy
natu,177,2,20,64,True,40,50,45,70,45,70,psychic
xatu,178,15,150,165,True,65,75,70,95,70,95,psychic
mareep,179,6,78,56,True,55,40,40,65,45,35,electric
flaaffy,180,8,133,128,True,70,55,55,80,60,45,electric
ampharos,181,14,615,230,True,90,75,85,115,90,55,electric
bellossom,182,4,58,221,True,75,80,95,90,100,50,grass
marill,183,4,85,88,True,70,20,50,20,50,40,water
azumarill,184,8,285,189,True,100,50,80,60,80,50,water
sudowoodo,185,12,380,144,True,70,100,115,30,65,30,rock
politoed,186,11,339,225,True,90,75,75,90,100,70,water
hoppip,187,4,5,50,True,35,35,40,35,55,50,grass
skiploom,188,6,10,119,True,55,45,50,45,65,80,grass
jumpluff,189,8,30,207,True,75,55,70,55,95,110,grass
aipom,190,8,115,72,True,55,70,55,40,55,85,normal
sunkern,191,3,18,36,True,30,30,30,30,30,30,grass
sunflora,192,8,85,149,True,75,75,55,105,85,30,grass
yanma,193,12,380,78,True,65,65,45,75,45,95,bug
wooper,194,4,85,42,True,55,45,45,25,25,15,water
quagsire,195,14,750,151,True,95,85,85,65,65,35,water
espeon,196,9,265,184,True,65,65,60,130,95,110,psychic
umbreon,197,10,270,184,True,95,65,110,60,130,65,dark
murkrow,198,5,21,81,True,60,85,42,85,42,91,dark
slowking,199,20,795,172,True,95,75,80,100,110,30,water
misdreavus,200,7,10,87,True,60,60,60,85,85,85,ghost
unown,201,5,50,118,True,48,72,48,72,48,48,psychic
wobbuffet,202,13,285,142,True,190,33,58,33,58,33,psychic
girafarig,203,15,415,159,True,70,80,65,90,65,85,normal
pineco,204,6,72,58,True,50,65,90,35,35,15,bug
forretress,205,12,1258,163,True,75,90,140,60,60,40,bug
dunsparce,206,15,140,145,True,100,70,70,65,65,45,normal
gligar,207,11,648,86,True,65,75,105,35,65,85,ground
steelix,208,92,4000,179,True,75,85,200,55,65,30,steel
snubbull,209,6,78,60,True,60,80,50,40,40,30,fairy
granbull,210,14,487,158,True,90,120,75,60,60,45,fairy
qwilfish,211,5,39,88,True,65,95,85,55,55,85,water
scizor,212,18,1180,175,True,70,130,100,55,80,65,bug
shuckle,213,6,205,177,True,20,10,230,10,230,5,bug
heracross,214,15,540,175,True,80,125,75,40,95,85,bug
sneasel,215,9,280,86,True,55,95,55,35,75,115,dark
teddiursa,216,6,88,66,True,60,80,50,50,50,40,normal
ursaring,217,18,1258,175,True,90,130,75,75,75,55,normal
slugma,218,7,350,50,True,40,40,40,70,40,20,fire
magcargo,219,8,550,151,True,60,50,120,90,80,30,fire
swinub,220,4,65,50,True,50,50,40,30,30,50,ice
piloswine,221,11,558,158,True,100,100,80,60,60,50,ice
corsola,222,6,50,144,True,65,55,95,65,95,35,water
remoraid,223,6,120,60,True,35,65,35,65,35,65,water
octillery,224,9,285,168,True,75,105,75,105,75,45,water
delibird,225,9,160,116,True,45,55,45,65,45,75,ice
mantine,226,21,2200,170,True,85,40,70,80,140,70,water
skarmory,227,17,505,163,True,65,80,140,40,70,70,steel
houndour,228,6,108,66,True,45,60,30,80,50,65,dark
houndoom,229,14,350,175,True,75,90,50,110,80,95,dark
kingdra,230,18,1520,243,True,75,95,95,95,95,85,water
phanpy,231,5,335,66,True,90,60,60,40,40,40,ground
donphan,232,11,1200,175,True,90,120,120,60,60,50,ground
porygon2,233,6,325,180,True,85,80,90,105,95,60,normal
stantler,234,14,712,163,True,73,95,62,85,65,85,normal
smeargle,235,12,580,88,True,55,20,35,20,45,75,normal
tyrogue,236,7,210,42,True,35,35,35,35,35,35,fighting
hitmontop,237,14,480,159,True,50,95,95,35,110,70,fighting
smoochum,238,4,60,61,True,45,30,15,85,65,65,ice
elekid,239,6,235,72,True,45,63,37,65,55,95,electric
magby,240,7,214,73,True,45,75,37,70,55,83,fire
miltank,241,12,755,172,True,95,80,105,40,70,100,normal
blissey,242,15,468,608,True,255,10,10,75,135,55,normal
raikou,243,19,1780,261,True,90,85,75,115,100,115,electric
entei,244,21,1980,261,True,115,115,85,90,75,100,fire
suicune,245,20,1870,261,True,100,75,115,90,115,85,water
larvitar,246,6,720,60,True,50,64,50,45,50,41,rock
pupitar,247,12,1520,144,True,70,84,70,65,70,51,rock
tyranitar,248,20,2020,270,True,100,134,110,95,100,61,rock
lugia,249,52,2160,306,True,106,90,130,90,154,110,psychic
ho-oh,250,38,1990,306,True,106,130,90,110,154,90,fire
celebi,251,6,50,270,True,100,100,100,100,100,100,psychic
treecko,252,5,50,62,True,40,45,35,65,55,70,grass
grovyle,253,9,216,142,True,50,65,45,85,65,95,grass
sceptile,254,17,522,239,True,70,85,65,105,85,120,grass
torchic,255,4,25,62,True,45,60,40,70,50,45,fire
combusken,256,9,195,142,True,60,85,60,85,60,55,fire
blaziken,257,19,520,239,True,80,120,70,110,70,80,fire
mudkip,258,4,76,62,True,50,70,50,50,50,40,water
marshtomp,259,7,280,142,True,70,85,70,60,70,50,water
swampert,260,15,819,241,True,100,110,90,85,90,60,water
poochyena,261,5,136,56,True,35,55,35,30,30,35,dark
mightyena,262,10,370,147,True,70,90,70,60,60,70,dark
zigzagoon,263,4,175,56,True,38,30,41,30,41,60,normal
linoone,264,5,325,147,True,78,70,61,50,61,100,normal
wurmple,265,3,36,56,True,45,45,35,20,30,20,bug
silcoon,266,6,100,72,True,50,35,55,25,25,15,bug
beautifly,267,10,284,178,True,60,70,50,100,50,65,bug
cascoon,268,7,115,72,True,50,35,55,25,25,15,bug
dustox,269,12,316,173,True,60,50,70,50,90,65,bug
lotad,270,5,26,44,True,40,30,30,40,50,30,water
lombre,271,12,325,119,True,60,50,50,60,70,50,water
ludicolo,272,15,550,216,True,80,70,70,90,100,70,water
seedot,273,5,40,44,True,40,40,50,30,30,30,grass
nuzleaf,274,10,280,119,True,70,70,40,60,40,60,grass
shiftry,275,13,596,216,True,90,100,60,90,60,80,grass
taillow,276,3,23,54,True,40,55,30,30,30,85,normal
swellow,277,7,198,159,True,60,85,60,75,50,125,normal
wingull,278,6,95,54,True,40,30,30,55,30,85,water
pelipper,279,12,280,154,True,60,50,100,95,70,65,water
ralts,280,4,66,40,True,28,25,25,45,35,40,psychic
kirlia,281,8,202,97,True,38,35,35,65,55,50,psychic
gardevoir,282,16,484,233,True,68,65,65,125,115,80,psychic
surskit,283,5,17,54,True,40,30,32,50,52,65,bug
masquerain,284,8,36,159,True,70,60,62,100,82,80,bug
shroomish,285,4,45,59,True,60,40,60,40,60,35,grass
breloom,286,12,392,161,True,60,130,80,60,60,70,grass
slakoth,287,8,240,56,True,60,60,60,35,35,30,normal
vigoroth,288,14,465,154,True,80,80,80,55,55,90,normal
slaking,289,20,1305,252,True,150,160,100,95,65,100,normal
nincada,290,5,55,53,True,31,45,90,30,30,40,bug
ninjask,291,8,120,160,True,61,90,45,50,50,160,bug
shedinja,292,8,12,83,True,1,90,45,30,30,40,bug
whismur,293,6,163,48,True,64,51,23,51,23,28,normal
loudred,294,10,405,126,True,84,71,43,71,43,48,normal
exploud,295,15,840,221,True,104,91,63,91,73,68,normal
makuhita,296,10,864,47,True,72,60,30,20,30,25,fighting
hariyama,297,23,2538,166,True,144,120,60,40,60,50,fighting
azurill,298,2,20,38,True,50,20,40,20,40,20,normal
nosepass,299,10,970,75,True,30,45,135,45,90,30,rock
skitty,300,6,110,52,True,50,45,45,35,35,50,normal
delcatty,301,11,326,140,True,70,65,65,55,55,90,normal
sableye,302,5,110,133,True,50,75,75,65,65,50,dark
mawile,303,6,115,133,True,50,85,85,55,55,50,steel
aron,304,4,600,66,True,50,70,100,40,40,30,steel
lairon,305,9,1200,151,True,60,90,140,50,50,40,steel
aggron,306,21,3600,239,True,70,110,180,60,60,50,steel
meditite,307,6,112,56,True,30,40,55,40,55,60,fighting
medicham,308,13,315,144,True,60,60,75,60,75,80,fighting
electrike,309,6,152,59,True,40,45,40,65,40,65,electric
manectric,310,15,402,166,True,70,75,60,105,60,105,electric
plusle,311,4,42,142,True,60,50,40,85,75,95,electric
minun,312,4,42,142,True,60,40,50,75,85,95,electric
volbeat,313,7,177,151,True,65,73,75,47,85,85,bug
illumise,314,6,177,151,True,65,47,75,73,85,85,bug
roselia,315,3,20,140,True,50,60,45,100,80,65,grass
gulpin,316,4,103,60,True,70,43,53,43,53,40,poison
swalot,317,17,800,163,True,100,73,83,73,83,55,poison
carvanha,318,8,208,61,True,45,90,20,65,20,65,water
sharpedo,319,18,888,161,True,70,120,40,95,40,95,water
wailmer,320,20,1300,80,True,130,70,35,70,35,60,water
wailord,321,145,3980,175,True,170,90,45,90,45,60,water
numel,322,7,240,61,True,60,60,40,65,45,35,fire
camerupt,323,19,2200,161,True,70,100,70,105,75,40,fire
torkoal,324,5,804,165,True,70,85,140,85,70,20,fire
spoink,325,7,306,66,True,60,25,35,70,80,60,psychic
grumpig,326,9,715,165,True,80,45,65,90,110,80,psychic
spinda,327,11,50,126,True,60,60,60,60,60,60,normal
trapinch,328,7,150,58,True,45,100,45,45,45,10,ground
vibrava,329,11,153,119,True,50,70,50,50,50,70,ground
flygon,330,20,820,234,True,80,100,80,80,80,100,ground
cacnea,331,4,513,67,True,50,85,40,85,40,35,grass
cacturne,332,13,774,166,True,70,115,60,115,60,55,grass
swablu,333,4,12,62,True,45,40,60,40,75,50,normal
altaria,334,11,206,172,True,75,70,90,70,105,80,dragon
zangoose,335,13,403,160,True,73,115,60,60,60,90,normal
seviper,336,27,525,160,True,73,100,60,100,60,65,poison
lunatone,337,10,1680,161,True,90,55,65,95,85,70,rock
solrock,338,12,1540,161,True,90,95,85,55,65,70,rock
barboach,339,4,19,58,True,50,48,43,46,41,60,water
whiscash,340,9,236,164,True,110,78,73,76,71,60,water
corphish,341,6,115,62,True,43,80,65,50,35,35,water
crawdaunt,342,11,328,164,True,63,120,85,90,55,55,water
baltoy,343,5,215,60,True,40,40,55,40,70,55,ground
claydol,344,15,1080,175,True,60,70,105,70,120,75,ground
lileep,345,10,238,71,True,66,41,77,61,87,23,rock
cradily,346,15,604,173,True,86,81,97,81,107,43,rock
anorith,347,7,125,71,True,45,95,50,40,50,75,rock
armaldo,348,15,682,173,True,75,125,100,70,80,45,rock
feebas,349,6,74,40,True,20,15,20,10,55,80,water
milotic,350,62,1620,189,True,95,60,79,100,125,81,water
castform,351,3,8,147,True,70,70,70,70,70,70,normal
kecleon,352,10,220,154,True,60,90,70,60,120,40,normal
shuppet,353,6,23,59,True,44,75,35,63,33,45,ghost
banette,354,11,125,159,True,64,115,65,83,63,65,ghost
duskull,355,8,150,59,True,20,40,90,30,90,25,ghost
dusclops,356,16,306,159,True,40,70,130,60,130,25,ghost
tropius,357,20,1000,161,True,99,68,83,72,87,51,grass
chimecho,358,6,10,159,True,75,50,80,95,90,65,psychic
absol,359,12,470,163,True,65,130,60,75,60,75,dark
wynaut,360,6,140,52,True,95,23,48,23,48,23,psychic
snorunt,361,7,168,60,True,50,50,50,50,50,50,ice
glalie,362,15,2565,168,True,80,80,80,80,80,80,ice
spheal,363,8,395,58,True,70,40,50,55,50,25,ice
sealeo,364,11,876,144,True,90,60,70,75,70,45,ice
walrein,365,14,1506,239,True,110,80,90,95,90,65,ice
clamperl,366,4,525,69,True,35,64,85,74,55,32,water
huntail,367,17,270,170,True,55,104,105,94,75,52,water
gorebyss,368,18,226,170,True,55,84,105,114,75,52,water
relicanth,369,10,234,170,True,100,90,130,45,65,55,water
luvdisc,370,6,87,116,True,43,30,55,40,65,97,water
bagon,371,6,421,60,True,45,75,60,40,30,50,dragon
shelgon,372,11,1105,147,True,65,95,100,60,50,50,dragon
salamence,373,15,1026,270,True,95,135,80,110,80,100,dragon
beldum,374,6,952,60,True,40,55,80,35,60,30,steel
metang,375,12,2025,147,True,60,75,100,55,80,50,steel
metagross,376,16,5500,270,True,80,135,130,95,90,70,steel
regirock,377,17,2300,261,True,80,100,200,50,100,50,rock
regice,378,18,1750,261,True,80,50,100,100,200,50,ice
registeel,379,19,2050,261,True,80,75,150,75,150,50,steel
latias,380,14,400,270,True,80,80,90,110,130,110,dragon
latios,381,20,600,270,True,80,90,80,130,110,110,dragon
kyogre,382,45,3520,302,True,100,100,90,150,140,90,water
groudon,383,35,9500,302,True,100,150,140,100,90,90,ground
rayquaza,384,70,2065,306,True,105,150,90,150,90,95,dragon
jirachi,385,3,11,270,True,100,100,100,100,100,100,steel
deoxys-normal,386,17,608,270,True,50,150,50,150,50,150,psychic
turtwig,387,4,102,64,True,55,68,64,45,55,31,grass
grotle,388,11,970,142,True,75,89,85,55,65,36,grass
torterra,389,22,3100,236,True,95,109,105,75,85,56,grass
chimchar,390,5,62,62,True,44,58,44,58,44,61,fire
monferno,391,9,220,142,True,64,78,52,78,52,81,fire
infernape,392,12,550,240,True,76,104,71,104,71,108,fire
piplup,393,4,52,63,True,53,51,53,61,56,40,water
prinplup,394,8,230,142,True,64,66,68,81,76,50,water
empoleon,395,17,845,239,True,84,86,88,111,101,60,water
starly,396,3,20,49,True,40,55,30,30,30,60,normal
staravia,397,6,155,119,True,55,75,50,40,40,80,normal
staraptor,398,12,249,218,True,85,120,70,50,60,100,normal
bidoof,399,5,200,50,True,59,45,40,35,40,31,normal
bibarel,400,10,315,144,True,79,85,60,55,60,71,normal
kricketot,401,3,22,39,True,37,25,41,25,41,25,bug
kricketune,402,10,255,134,True,77,85,51,55,51,65,bug
shinx,403,5,95,53,True,45,65,34,40,34,45,electric
luxio,404,9,305,127,True,60,85,49,60,49,60,electric
luxray,405,14,420,235,True,80,120,79,95,79,70,electric
budew,406,2,12,56,True,40,30,35,50,70,55,grass
roserade,407,9,145,232,True,60,70,65,125,105,90,grass
cranidos,408,9,315,70,True,67,125,40,30,30,58,rock
rampardos,409,16,1025,173,True,97,165,60,65,50,58,rock
shieldon,410,5,570,70,True,30,42,118,42,88,30,rock
bastiodon,411,13,1495,173,True,60,52,168,47,138,30,rock
burmy,412,2,34,45,True,40,29,45,29,45,36,bug
wormadam-plant,413,5,65,148,True,60,59,85,79,105,36,bug
mothim,414,9,233,148,True,70,94,50,94,50,66,bug
combee,415,3,55,49,True,30,30,42,30,42,70,bug
vespiquen,416,12,385,166,True,70,80,102,80,102,40,bug
pachirisu,417,4,39,142,True,60,45,70,45,90,95,electric
buizel,418,7,295,66,True,55,65,35,60,30,85,water
floatzel,419,11,335,173,True,85,105,55,85,50,115,water
cherubi,420,4,33,55,True,45,35,45,62,53,35,grass
cherrim,421,5,93,158,True,70,60,70,87,78,85,grass
shellos,422,3,63,65,True,76,48,48,57,62,34,water
gastrodon,423,9,299,166,True,111,83,68,92,82,39,water
ambipom,424,12,203,169,True,75,100,66,60,66,115,normal
drifloon,425,4,12,70,True,90,50,34,60,44,70,ghost
drifblim,426,12,150,174,True,150,80,44,90,54,80,ghost
buneary,427,4,55,70,True,55,66,44,44,56,85,normal
lopunny,428,12,333,168,True,65,76,84,54,96,105,normal
mismagius,429,9,44,173,True,60,60,60,105,105,105,ghost
honchkrow,430,9,273,177,True,100,125,52,105,52,71,dark
glameow,431,5,39,62,True,49,55,42,42,37,85,normal
purugly,432,10,438,158,True,71,82,64,64,59,112,normal
chingling,433,2,6,57,True,45,30,50,65,50,45,psychic
stunky,434,4,192,66,True,63,63,47,41,41,74,poison
skuntank,435,10,380,168,True,103,93,67,71,61,84,poison
bronzor,436,5,605,60,True,57,24,86,24,86,23,steel
bronzong,437,13,1870,175,True,67,89,116,79,116,33,steel
bonsly,438,5,150,58,True,50,80,95,10,45,10,rock
mime-jr,439,6,130,62,True,20,25,45,70,90,60,psychic
happiny,440,6,244,110,True,100,5,5,15,65,30,normal
chatot,441,5,19,144,True,76,65,45,92,42,91,normal
spiritomb,442,10,1080,170,True,50,92,108,92,108,35,ghost
gible,443,7,205,60,True,58,70,45,40,45,42,dragon
gabite,444,14,560,144,True,68,90,65,50,55,82,dragon
garchomp,445,19,950,270,True,108,130,95,80,85,102,dragon
munchlax,446,6,1050,78,True,135,85,40,40,85,5,normal
riolu,447,7,202,57,True,40,70,40,35,40,60,fighting
lucario,448,12,540,184,True,70,110,70,115,70,90,fighting
hippopotas,449,8,495,66,True,68,72,78,38,42,32,ground
hippowdon,450,20,3000,184,True,108,112,118,68,72,47,ground
skorupi,451,8,120,66,True,40,50,90,30,55,65,poison
drapion,452,13,615,175,True,70,90,110,60,75,95,poison
croagunk,453,7,230,60,True,48,61,40,61,40,50,poison
toxicroak,454,13,444,172,True,83,106,65,86,65,85,poison
carnivine,455,14,270,159,True,74,100,72,90,72,46,grass
finneon,456,4,70,66,True,49,49,56,49,61,66,water
lumineon,457,12,240,161,True,69,69,76,69,86,91,water
mantyke,458,10,650,69,True,45,20,50,60,120,50,water
snover,459,10,505,67,True,60,62,50,62,60,40,grass
abomasnow,460,22,1355,173,True,90,92,75,92,85,60,grass
weavile,461,11,340,179,True,70,120,65,45,85,125,dark
magnezone,462,12,1800,241,True,70,70,115,130,90,60,electric
lickilicky,463,17,1400,180,True,110,85,95,80,95,50,normal
rhyperior,464,24,2828,241,True,115,140,130,55,55,40,ground
tangrowth,465,20,1286,187,True,100,100,125,110,50,50,grass
electivire,466,18,1386,243,True,75,123,67,95,85,95,electric
magmortar,467,16,680,243,True,75,95,67,125,95,83,fire
togekiss,468,15,380,245,True,85,50,95,120,115,80,fairy
yanmega,469,19,515,180,True,86,76,86,116,56,95,bug
leafeon,470,10,255,184,True,65,110,130,60,65,95,grass
glaceon,471,8,259,184,True,65,60,110,130,95,65,ice
gliscor,472,20,425,179,True,75,95,125,45,75,95,ground
mamoswine,473,25,2910,239,True,110,130,80,70,60,80,ice
porygon-z,474,9,340,241,True,85,80,70,135,75,90,normal
gallade,475,16,520,233,True,68,125,65,65,115,80,psychic
probopass,476,14,3400,184,True,60,55,145,75,150,40,rock
dusknoir,477,22,1066,236,True,45,100,135,65,135,45,ghost
froslass,478,13,266,168,True,70,80,70,80,70,110,ice
rotom,479,3,3,154,True,50,50,77,95,77,91,electric
uxie,480,3,3,261,True,75,75,130,75,130,95,psychic
mesprit,481,3,3,261,True,80,105,105,105,105,80,psychic
azelf,482,3,3,261,True,75,125,70,125,70,115,psychic
dialga,483,54,6830,306,True,100,120,120,150,100,90,steel
palkia,484,42,3360,306,True,90,120,100,150,120,100,water
heatran,485,17,4300,270,True,91,90,106,130,106,77,fire
regigigas,486,37,4200,302,True,110,160,110,80,110,100,normal
giratina-altered,487,45,7500,306,True,150,100,120,100,120,90,ghost
cresselia,488,15,856,270,True,120,70,110,75,120,85,psychic
phione,489,4,31,216,True,80,80,80,80,80,80,water
manaphy,490,3,14,270,True,100,100,100,100,100,100,water
darkrai,491,15,505,270,True,70,90,90,135,90,125,dark
shaymin-land,492,2,21,270,True,100,100,100,100,100,100,grass
arceus,493,32,3200,324,True,120,120,120,120,120,120,normal
victini,494,4,40,270,True,100,100,100,100,100,100,psychic
snivy,495,6,81,62,True,45,45,55,45,55,63,grass
servine,496,8,160,145,True,60,60,75,60,75,83,grass
serperior,497,33,630,238,True,75,75,95,75,95,113,grass
tepig,498,5,99,62,True,65,63,45,45,45,45,fire
pignite,499,10,555,146,True,90,93,55,70,55,55,fire
emboar,500,16,1500,238,True,110,123,65,100,65,65,fire
oshawott,501,5,59,62,True,55,55,45,63,45,45,water
dewott,502,8,245,145,True,75,75,60,83,60,60,water
samurott,503,15,946,238,True,95,100,85,108,70,70,water
patrat,504,5,116,51,True,45,55,39,35,39,42,normal
watchog,505,11,270,147,True,60,85,69,60,69,77,normal
lillipup,506,4,41,55,True,45,60,45,25,45,55,normal
herdier,507,9,147,130,True,65,80,65,35,65,60,normal
stoutland,508,12,610,225,True,85,110,90,45,90,80,normal
purrloin,509,4,101,56,True,41,50,37,50,37,66,dark
liepard,510,11,375,156,True,64,88,50,88,50,106,dark
pansage,511,6,105,63,True,50,53,48,53,48,64,grass
simisage,512,11,305,174,True,75,98,63,98,63,101,grass
pansear,513,6,110,63,True,50,53,48,53,48,64,fire
simisear,514,10,280,174,True,75,98,63,98,63,101,fire
panpour,515,6,135,63,True,50,53,48,53,48,64,water
simipour,516,10,290,174,True,75,98,63,98,63,101,water
munna,517,6,233,58,True,76,25,45,67,55,24,psychic
musharna,518,11,605,170,True,116,55,85,107,95,29,psychic
pidove,519,3,21,53,True,50,55,50,36,30,43,normal
tranquill,520,6,150,125,True,62,77,62,50,42,65,normal
unfezant,521,12,290,220,True,80,115,80,65,55,93,normal
blitzle,522,8,298,59,True,45,60,32,50,32,76,electric
zebstrika,523,16,795,174,True,75,100,63,80,63,116,electric
roggenrola,524,4,180,56,True,55,75,85,25,25,15,rock
boldore,525,9,1020,137,True,70,105,105,50,40,20,rock
gigalith,526,17,2600,232,True,85,135,130,60,80,25,rock
woobat,527,4,21,65,True,65,45,43,55,43,72,psychic
swoobat,528,9,105,149,True,67,57,55,77,55,114,psychic
drilbur,529,3,85,66,True,60,85,40,30,45,68,ground
excadrill,530,7,404,178,True,110,135,60,50,65,88,ground
audino,531,11,310,390,True,103,60,86,60,86,50,normal
timburr,532,6,125,61,True,75,80,55,25,35,35,fighting
gurdurr,533,12,400,142,True,85,105,85,40,50,40,fighting
conkeldurr,534,14,870,227,True,105,140,95,55,65,45,fighting
tympole,535,5,45,59,True,50,50,40,50,40,64,water
palpitoad,536,8,170,134,True,75,65,55,65,55,69,water
seismitoad,537,15,620,229,True,105,95,75,85,75,74,water
throh,538,13,555,163,True,120,100,85,30,85,45,fighting
sawk,539,14,510,163,True,75,125,75,30,75,85,fighting
sewaddle,540,3,25,62,True,45,53,70,40,60,42,bug
swadloon,541,5,73,133,True,55,63,90,50,80,42,bug
leavanny,542,12,205,225,True,75,103,80,70,80,92,bug
venipede,543,4,53,52,True,30,45,59,30,39,57,bug
whirlipede,544,12,585,126,True,40,55,99,40,79,47,bug
scolipede,545,25,2005,218,True,60,100,89,55,69,112,bug
cottonee,546,3,6,56,True,40,27,60,37,50,66,grass
whimsicott,547,7,66,168,True,60,67,85,77,75,116,grass
petilil,548,5,66,56,True,45,35,50,70,50,30,grass
lilligant,549,11,163,168,True,70,60,75,110,75,90,grass
basculin-red-striped,550,10,180,161,True,70,92,65,80,55,98,water
sandile,551,7,152,58,True,50,72,35,35,35,65,ground
krokorok,552,10,334,123,True,60,82,45,45,45,74,ground
krookodile,553,15,963,234,True,95,117,80,65,70,92,ground
darumaka,554,6,375,63,True,70,90,45,15,45,50,fire
darmanitan-standard,555,13,929,168,True,105,140,55,30,55,95,fire
maractus,556,10,280,161,True,75,86,67,106,67,60,grass
dwebble,557,3,145,65,True,50,65,85,35,35,55,bug
crustle,558,14,2000,170,True,70,105,125,65,75,45,bug
scraggy,559,6,118,70,True,50,75,70,35,70,48,dark
scrafty,560,11,300,171,True,65,90,115,45,115,58,dark
sigilyph,561,14,140,172,True,72,58,80,103,80,97,psychic
yamask,562,5,15,61,True,38,30,85,55,65,30,ghost
cofagrigus,563,17,765,169,True,58,50,145,95,105,30,ghost
tirtouga,564,7,165,71,True,54,78,103,53,45,22,water
carracosta,565,12,810,173,True,74,108,133,83,65,32,water
archen,566,5,95,71,True,55,112,45,74,45,70,rock
archeops,567,14,320,177,True,75,140,65,112,65,110,rock
trubbish,568,6,310,66,True,50,50,62,40,62,65,poison
garbodor,569,19,1073,166,True,80,95,82,60,82,75,poison
zorua,570,7,125,66,True,40,65,40,80,40,65,dark
zoroark,571,16,811,179,True,60,105,60,120,60,105,dark
minccino,572,4,58,60,True,55,50,40,40,40,75,normal
cinccino,573,5,75,165,True,75,95,60,65,60,115,normal
gothita,574,4,58,58,True,45,30,50,55,65,45,psychic
gothorita,575,7,180,137,True,60,45,70,75,85,55,psychic
gothitelle,576,15,440,221,True,70,55,95,95,110,65,psychic
solosis,577,3,10,58,True,45,30,40,105,50,20,psychic
duosion,578,6,80,130,True,65,40,50,125,60,30,psychic
reuniclus,579,10,201,221,True,110,65,75,125,85,30,psychic
ducklett,580,5,55,61,True,62,44,50,44,50,55,water
swanna,581,13,242,166,True,75,87,63,87,63,98,water
vanillite,582,4,57,61,True,36,50,50,65,60,44,ice
vanillish,583,11,410,138,True,51,65,65,80,75,59,ice
vanilluxe,584,13,575,241,True,71,95,85,110,95,79,ice
deerling,585,6,195,67,True,60,60,50,40,50,75,normal
sawsbuck,586,19,925,166,True,80,100,70,60,70,95,normal
emolga,587,4,50,150,True,55,75,60,75,60,103,electric
karrablast,588,5,59,63,True,50,75,45,40,45,60,bug
escavalier,589,10,330,173,True,70,135,105,60,105,20,bug
foongus,590,2,10,59,True,69,55,45,55,55,15,grass
amoonguss,591,6,105,162,True,114,85,70,85,80,30,grass
frillish-male,592,12,330,67,True,55,40,50,65,85,40,water
jellicent-male,593,22,1350,168,True,100,60,70,85,105,60,water
alomomola,594,12,316,165,True,165,75,80,40,45,65,water
joltik,595,1,6,64,True,50,47,50,57,50,65,bug
galvantula,596,8,143,165,True,70,77,60,97,60,108,bug
ferroseed,597,6,188,61,True,44,50,91,24,86,10,grass
ferrothorn,598,10,1100,171,True,74,94,131,54,116,20,grass
klink,599,3,210,60,True,40,55,70,45,60,30,steel
klang,600,6,510,154,True,60,80,95,70,85,50,steel
klinklang,601,6,810,234,True,60,100,115,70,85,90,steel
tynamo,602,2,3,55,True,35,55,40,45,40,60,electric
eelektrik,603,12,220,142,True,65,85,70,75,70,40,electric
eelektross,604,21,805,232,True,85,115,80,105,80,50,electric
elgyem,605,5,90,67,True,55,55,55,85,55,30,psychic
beheeyem,606,10,345,170,True,75,75,75,125,95,40,psychic
litwick,607,3,31,55,True,50,30,55,65,55,20,ghost
lampent,608,6,130,130,True,60,40,60,95,60,55,ghost
chandelure,609,10,343,234,True,60,55,90,145,90,80,ghost
axew,610,6,180,64,True,46,87,60,30,40,57,dragon
fraxure,611,10,360,144,True,66,117,70,40,50,67,dragon
haxorus,612,18,1055,243,True,76,147,90,60,70,97,dragon
cubchoo,613,5,85,61,True,55,70,40,60,40,40,ice
beartic,614,26,2600,177,True,95,130,80,70,80,50,ice
cryogonal,615,11,1480,180,True,80,50,50,95,135,105,ice
shelmet,616,4,77,61,True,50,40,85,40,65,25,bug
accelgor,617,8,253,173,True,80,70,40,100,60,145,bug
stunfisk,618,7,110,165,True,109,66,84,81,99,32,ground
mienfoo,619,9,200,70,True,45,85,50,55,50,65,fighting
mienshao,620,14,355,179,True,65,125,60,95,60,105,fighting
druddigon,621,16,1390,170,True,77,120,90,60,90,48,dragon
golett,622,10,920,61,True,59,74,50,35,50,35,ground
golurk,623,28,3300,169,True,89,124,80,55,80,55,ground
pawniard,624,5,102,68,True,45,85,70,40,40,60,dark
bisharp,625,16,700,172,True,65,125,100,60,70,70,dark
bouffalant,626,16,946,172,True,95,110,95,40,95,55,normal
rufflet,627,5,105,70,True,70,83,50,37,50,60,normal
braviary,628,15,410,179,True,100,123,75,57,75,80,normal
vullaby,629,5,90,74,True,70,55,75,45,65,60,dark
mandibuzz,630,12,395,179,True,110,65,105,55,95,80,dark
heatmor,631,14,580,169,True,85,97,66,105,66,65,fire
durant,632,3,330,169,True,58,109,112,48,48,109,bug
deino,633,8,173,60,True,52,65,50,45,50,38,dark
zweilous,634,14,500,147,True,72,85,70,65,70,58,dark
hydreigon,635,18,1600,270,True,92,105,90,125,90,98,dark
larvesta,636,11,288,72,True,55,85,55,50,55,60,bug
volcarona,637,16,460,248,True,85,60,65,135,105,100,bug
cobalion,638,21,2500,261,True,91,90,129,90,72,108,steel
terrakion,639,19,2600,261,True,91,129,90,72,90,108,rock
virizion,640,20,2000,261,True,91,90,72,90,129,108,grass
tornadus-incarnate,641,15,630,261,True,79,115,70,125,80,111,flying
thundurus-incarnate,642,15,610,261,True,79,115,70,125,80,111,electric
reshiram,643,32,3300,306,True,100,120,100,150,120,90,dragon
zekrom,644,29,3450,306,True,100,150,120,120,100,90,dragon
landorus-incarnate,645,15,680,270,True,89,125,90,115,80,101,ground
kyurem,646,30,3250,297,True,125,130,90,130,90,95,dragon
keldeo-ordinary,647,14,485,261,True,91,72,90,129,90,108,water
meloetta-aria,648,6,65,270,True,100,77,77,128,128,90,normal
genesect,649,15,825,270,True,71,120,95,120,95,99,bug
chespin,650,4,90,63,True,56,61,65,48,45,38,grass
quilladin,651,7,290,142,True,61,78,95,56,58,57,grass
chesnaught,652,16,900,239,True,88,107,122,74,75,64,grass
fennekin,653,4,94,61,True,40,45,40,62,60,60,fire
braixen,654,10,145,143,True,59,59,58,90,70,73,fire
delphox,655,15,390,240,True,75,69,72,114,100,104,fire
froakie,656,3,70,63,True,41,56,40,62,44,71,water
frogadier,657,6,109,142,True,54,63,52,83,56,97,water
greninja,658,15,400,239,True,72,95,67,103,71,122,water
bunnelby,659,4,50,47,True,38,36,38,32,36,57,normal
diggersby,660,10,424,148,True,85,56,77,50,77,78,normal
fletchling,661,3,17,56,True,45,50,43,40,38,62,normal
fletchinder,662,7,160,134,True,62,73,55,56,52,84,fire
talonflame,663,12,245,175,True,78,81,71,74,69,126,fire
scatterbug,664,3,25,40,True,38,35,40,27,25,35,bug
spewpa,665,3,84,75,True,45,22,60,27,30,29,bug
vivillon,666,12,170,185,True,80,52,50,90,50,89,bug
litleo,667,6,135,74,True,62,50,58,73,54,72,fire
pyroar-male,668,15,815,177,True,86,68,72,109,66,106,fire
flabebe,669,1,1,61,True,44,38,39,61,79,42,fairy
floette,670,2,9,130,True,54,45,47,75,98,52,fairy
florges,671,11,100,248,True,78,65,68,112,154,75,fairy
skiddo,672,9,310,70,True,66,65,48,62,57,52,grass
gogoat,673,17,910,186,True,123,100,62,97,81,68,grass
pancham,674,6,80,70,True,67,82,62,46,48,43,fighting
pangoro,675,21,1360,173,True,95,124,78,69,71,58,fighting
furfrou,676,12,280,165,True,75,80,60,65,90,102,normal
espurr,677,3,35,71,True,62,48,54,63,60,68,psychic
meowstic-male,678,6,85,163,True,74,48,76,83,81,104,psychic
honedge,679,8,20,65,True,45,80,100,35,37,28,steel
doublade,680,8,45,157,True,59,110,150,45,49,35,steel
aegislash-shield,681,17,530,234,True,60,50,140,50,140,60,steel
spritzee,682,2,5,68,True,78,52,60,63,65,23,fairy
aromatisse,683,8,155,162,True,101,72,72,99,89,29,fairy
swirlix,684,4,35,68,True,62,48,66,59,57,49,fairy
slurpuff,685,8,50,168,True,82,80,86,85,75,72,fairy
inkay,686,4,35,58,True,53,54,53,37,46,45,dark
malamar,687,15,470,169,True,86,92,88,68,75,73,dark
binacle,688,5,310,61,True,42,52,67,39,56,50,rock
barbaracle,689,13,960,175,True,72,105,115,54,86,68,rock
skrelp,690,5,73,64,True,50,60,60,60,60,30,poison
dragalge,691,18,815,173,True,65,75,90,97,123,44,poison
clauncher,692,5,83,66,True,50,53,62,58,63,44,water
clawitzer,693,13,353,100,True,71,73,88,120,89,59,water
helioptile,694,5,60,58,True,44,38,33,61,43,70,electric
heliolisk,695,10,210,168,True,62,55,52,109,94,109,electric
tyrunt,696,8,260,72,True,58,89,77,45,45,48,rock
tyrantrum,697,25,2700,182,True,82,121,119,69,59,71,rock
amaura,698,13,252,72,True,77,59,50,67,63,46,rock
aurorus,699,27,2250,104,True,123,77,72,99,92,58,rock
sylveon,700,10,235,184,True,95,65,65,110,130,60,fairy
hawlucha,701,8,215,175,True,78,92,75,74,63,118,fighting
dedenne,702,2,22,151,True,67,58,57,81,67,101,electric
carbink,703,3,57,100,True,50,50,150,50,150,50,rock
goomy,704,3,28,60,True,45,50,35,55,75,40,dragon
sliggoo,705,8,175,158,True,68,75,53,83,113,60,dragon
goodra,706,20,1505,270,True,90,100,70,110,150,80,dragon
klefki,707,2,30,165,True,57,80,91,80,87,75,steel
phantump,708,4,70,62,True,43,70,48,50,60,38,ghost
trevenant,709,15,710,166,True,85,110,76,65,82,56,ghost
pumpkaboo-average,710,4,50,67,True,49,66,70,44,55,51,ghost
gourgeist-average,711,9,125,173,True,65,90,122,58,75,84,ghost
bergmite,712,10,995,61,True,55,69,85,32,35,28,ice
avalugg,713,20,5050,180,True,95,117,184,44,46,28,ice
noibat,714,5,80,49,True,40,30,35,45,40,55,flying
noivern,715,15,850,187,True,85,70,80,97,80,123,flying
xerneas,716,30,2150,306,True,126,131,95,131,98,99,fairy
yveltal,717,58,2030,306,True,126,131,95,131,98,99,dark
zygarde-50,718,50,3050,270,True,108,100,121,81,95,95,dragon
diancie,719,7,88,270,True,50,100,150,100,150,50,rock
hoopa,720,5,90,270,True,80,110,60,150,130,70,psychic
volcanion,721,17,1950,270,True,80,110,120,130,90,70,fire
rowlet,722,3,15,64,True,68,55,55,50,50,42,grass
dartrix,723,7,160,147,True,78,75,75,70,70,52,grass
decidueye,724,16,366,239,True,78,107,75,100,100,70,grass
litten,725,4,43,64,True,45,65,40,60,40,70,fire
torracat,726,7,250,147,True,65,85,50,80,50,90,fire
incineroar,727,18,830,239,True,95,115,90,80,90,60,fire
popplio,728,4,75,64,True,50,54,54,66,56,40,water
brionne,729,6,175,147,True,60,69,69,91,81,50,water
primarina,730,18,440,239,True,80,74,74,126,116,60,water
pikipek,731,3,12,53,True,35,75,30,30,30,65,normal
trumbeak,732,6,148,124,True,55,85,50,40,50,75,normal
toucannon,733,11,260,218,True,80,120,75,75,75,60,normal
yungoos,734,4,60,51,True,48,70,30,30,30,45,normal
gumshoos,735,7,142,146,True,88,110,60,55,60,45,normal
grubbin,736,4,44,60,True,47,62,45,55,45,46,bug
charjabug,737,5,105,140,True,57,82,95,55,75,36,bug
vikavolt,738,15,450,225,True,77,70,90,145,75,43,bug
crabrawler,739,6,70,68,True,47,82,57,42,47,63,fighting
crabominable,740,17,1800,167,True,97,132,77,62,67,43,fighting
oricorio-baile,741,6,34,167,True,75,70,70,98,70,93,fire
cutiefly,742,1,2,61,True,40,45,40,55,40,84,bug
ribombee,743,2,5,162,True,60,55,60,95,70,124,bug
rockruff,744,5,92,56,True,45,65,40,30,40,60,rock
lycanroc-midday,745,8,250,170,True,75,115,65,55,65,112,rock
wishiwashi-solo,746,2,3,61,True,45,20,20,25,25,40,water
mareanie,747,4,80,61,True,50,53,62,43,52,45,poison
toxapex,748,7,145,173,True,50,63,152,53,142,35,poison
mudbray,749,10,1100,77,True,70,100,70,45,55,45,ground
mudsdale,750,25,9200,175,True,100,125,100,55,85,35,ground
dewpider,751,3,40,54,True,38,40,52,40,72,27,water
araquanid,752,18,820,159,True,68,70,92,50,132,42,water
fomantis,753,3,15,50,True,40,55,35,50,35,35,grass
lurantis,754,9,185,168,True,70,105,90,80,90,45,grass
morelull,755,2,15,57,True,40,35,55,65,75,15,grass
shiinotic,756,10,115,142,True,60,45,80,90,100,30,grass
salandit,757,6,48,64,True,48,44,40,71,40,77,poison
salazzle,758,12,222,168,True,68,64,60,111,60,117,poison
stufful,759,5,68,68,True,70,75,50,45,50,50,normal
bewear,760,21,1350,175,True,120,125,80,55,60,60,normal
bounsweet,761,3,32,42,True,42,30,38,30,38,32,grass
steenee,762,7,82,102,True,52,40,48,40,48,62,grass
tsareena,763,12,214,230,True,72,120,98,50,98,72,grass
comfey,764,1,3,170,True,51,52,90,82,110,100,fairy
oranguru,765,15,760,172,True,90,60,80,90,110,60,normal
passimian,766,20,828,172,True,100,120,90,40,60,80,fighting
wimpod,767,5,120,46,True,25,35,40,20,30,80,bug
golisopod,768,20,1080,186,True,75,125,140,60,90,40,bug
sandygast,769,5,700,64,True,55,55,80,70,45,15,ghost
palossand,770,13,2500,168,True,85,75,110,100,75,35,ghost
pyukumuku,771,3,12,144,True,55,60,130,30,130,5,water
type-null,772,19,1205,107,True,95,95,95,95,95,59,normal
silvally,773,23,1005,257,True,95,95,95,95,95,95,normal
minior-red-meteor,774,3,400,154,True,60,60,100,60,100,60,rock
komala,775,4,199,168,True,65,115,65,75,95,65,normal
turtonator,776,20,2120,170,True,60,78,135,91,85,36,fire
togedemaru,777,3,33,152,True,65,98,63,40,73,96,electric
mimikyu-disguised,778,2,7,167,True,55,90,80,50,105,96,ghost
bruxish,779,9,190,166,True,68,105,70,70,70,92,water
drampa,780,30,1850,170,True,78,60,85,135,91,36,normal
dhelmise,781,39,2100,181,True,70,131,100,86,90,40,ghost
jangmo-o,782,6,297,60,True,45,55,65,45,45,45,dragon
hakamo-o,783,12,470,147,True,55,75,90,65,70,65,dragon
kommo-o,784,16,782,270,True,75,110,125,100,105,85,dragon
tapu-koko,785,18,205,257,True,70,115,85,95,75,130,electric
tapu-lele,786,12,186,257,True,70,85,75,130,115,95,psychic
tapu-bulu,787,19,455,257,True,70,130,115,85,95,75,grass
tapu-fini,788,13,212,257,True,70,75,115,95,130,85,water
cosmog,789,2,1,40,True,43,29,31,29,31,37,psychic
cosmoem,790,1,9999,140,True,43,29,131,29,131,37,psychic
solgaleo,791,34,2300,306,True,137,137,107,113,89,97,psychic
lunala,792,40,1200,306,True,137,113,89,137,107,97,psychic
nihilego,793,12,555,257,True,109,53,47,127,131,103,rock
buzzwole,794,24,3336,257,True,107,139,139,53,53,79,bug
pheromosa,795,18,250,257,True,71,137,37,137,37,151,bug
xurkitree,796,38,1000,257,True,83,89,71,173,71,83,electric
celesteela,797,92,9999,257,True,97,101,103,107,101,61,steel
kartana,798,3,1,257,True,59,181,131,59,31,109,grass
guzzlord,799,55,8880,257,True,223,101,53,97,53,43,dark
necrozma,800,24,2300,270,True,97,107,101,127,89,79,psychic
magearna,801,10,805,270,True,80,95,115,130,115,65,steel
marshadow,802,7,222,270,True,90,125,80,90,90,125,fighting
poipole,803,6,18,189,True,67,73,67,73,67,73,poison
naganadel,804,36,1500,243,True,73,73,73,127,73,121,poison
stakataka,805,55,8200,257,True,61,131,211,53,101,13,rock
blacephalon,806,18,130,257,True,53,127,53,151,79,107,fire
zeraora,807,15,445,270,True,88,112,75,102,80,143,electric
meltan,808,2,80,135,True,46,65,65,55,35,34,steel
melmetal,809,25,8000,270,True,135,143,143,80,65,34,steel
grookey,810,3,50,62,True,50,65,50,40,40,65,grass
thwackey,811,7,140,147,True,70,85,70,55,60,80,grass
rillaboom,812,21,900,265,True,100,125,90,60,70,85,grass
scorbunny,813,3,45,62,True,50,71,40,40,40,69,fire
raboot,814,6,90,147,True,65,86,60,55,60,94,fire
cinderace,815,14,330,265,True,80,116,75,65,75,119,fire
sobble,816,3,40,62,True,50,40,40,70,40,70,water
drizzile,817,7,115,147,True,65,60,55,95,55,90,water
inteleon,818,19,452,265,True,70,85,65,125,65,120,water
skwovet,819,3,25,55,True,70,55,55,35,35,25,normal
greedent,820,6,60,161,True,120,95,95,55,75,20,normal
rookidee,821,2,18,49,True,38,47,35,33,35,57,flying
corvisquire,822,8,160,128,True,68,67,55,43,55,77,flying
corviknight,823,22,750,248,True,98,87,105,53,85,67,flying
blipbug,824,4,80,36,True,25,20,20,25,45,45,bug
dottler,825,4,195,117,True,50,35,80,50,90,30,bug
orbeetle,826,4,408,253,True,60,45,110,80,120,90,bug
nickit,827,6,89,49,True,40,28,28,47,52,50,dark
thievul,828,12,199,159,True,70,58,58,87,92,90,dark
gossifleur,829,4,22,50,True,40,40,60,40,60,10,grass
eldegoss,830,5,25,161,True,60,50,90,80,120,60,grass
wooloo,831,6,60,122,True,42,40,55,40,45,48,normal
dubwool,832,13,430,172,True,72,80,100,60,90,88,normal
chewtle,833,3,85,57,True,50,64,50,38,38,44,water
drednaw,834,10,1155,170,True,90,115,90,48,68,74,water
yamper,835,3,135,54,True,59,45,50,40,50,26,electric
boltund,836,10,340,172,True,69,90,60,90,60,121,electric
rolycoly,837,3,120,48,True,30,40,50,40,50,30,rock
carkol,838,11,780,144,True,80,60,90,60,70,50,rock
coalossal,839,28,3105,255,True,110,80,120,80,90,30,rock
applin,840,2,5,52,True,40,40,80,40,40,20,grass
flapple,841,3,10,170,True,70,110,80,95,60,70,grass
appletun,842,4,130,170,True,110,85,80,100,80,30,grass
silicobra,843,22,76,63,True,52,57,75,35,50,46,ground
sandaconda,844,38,655,179,True,72,107,125,65,70,71,ground
cramorant,845,8,180,166,True,70,85,55,85,95,85,flying
arrokuda,846,5,10,56,True,41,63,40,40,30,66,water
barraskewda,847,13,300,172,True,61,123,60,60,50,136,water
toxel,848,4,110,48,True,40,38,35,54,35,40,electric
toxtricity-amped,849,16,400,176,True,75,98,70,114,70,75,electric
sizzlipede,850,7,10,61,True,50,65,45,50,50,45,fire
centiskorch,851,30,1200,184,True,100,115,65,90,90,65,fire
clobbopus,852,6,40,62,True,50,68,60,50,50,32,fighting
grapploct,853,16,390,168,True,80,118,90,70,80,42,fighting
sinistea,854,1,2,62,True,40,45,45,74,54,50,ghost
polteageist,855,2,4,178,True,60,65,65,134,114,70,ghost
hatenna,856,4,34,53,True,42,30,45,56,53,39,psychic
hattrem,857,6,48,130,True,57,40,65,86,73,49,psychic
hatterene,858,21,51,255,True,57,90,95,136,103,29,psychic
impidimp,859,4,55,53,True,45,45,30,55,40,50,dark
morgrem,860,8,125,130,True,65,60,45,75,55,70,dark
grimmsnarl,861,15,610,255,True,95,120,65,95,75,60,dark
obstagoon,862,16,460,260,True,93,90,101,60,81,95,dark
perrserker,863,8,280,154,True,70,110,100,50,60,50,steel
cursola,864,10,4,179,True,60,95,50,145,130,30,ghost
sirfetchd,865,8,1170,177,True,62,135,95,68,82,65,fighting
mr-rime,866,15,582,182,True,80,85,75,110,100,70,ice
runerigus,867,16,666,169,True,58,95,145,50,105,30,ground
milcery,868,2,3,54,True,45,40,40,50,61,34,fairy
alcremie,869,3,5,173,True,65,60,75,110,121,64,fairy
falinks,870,30,620,165,True,65,100,100,70,60,75,fighting
pincurchin,871,3,10,152,True,48,101,95,91,85,15,electric
snom,872,3,38,37,True,30,25,35,45,30,20,ice
frosmoth,873,13,420,166,True,70,65,60,125,90,65,ice
stonjourner,874,25,5200,165,True,100,125,135,20,20,70,rock
eiscue-ice,875,14,890,165,True,75,80,110,65,90,50,ice
indeedee-male,876,9,280,166,True,60,65,55,105,95,95,psychic
morpeko-full-belly,877,3,30,153,True,58,95,58,70,58,97,electric
cufant,878,12,1000,66,True,72,80,49,40,49,40,steel
copperajah,879,30,6500,175,True,122,130,69,80,69,30,steel
dracozolt,880,18,1900,177,True,90,100,90,80,70,75,electric
arctozolt,881,23,1500,177,True,90,100,90,90,80,55,electric
dracovish,882,23,2150,177,True,90,90,100,70,80,75,water
arctovish,883,20,1750,177,True,90,90,100,80,90,55,water
duraludon,884,18,400,187,True,70,95,115,120,50,85,steel
dreepy,885,5,20,54,True,28,60,30,40,30,82,dragon
drakloak,886,14,110,144,True,68,80,50,60,50,102,dragon
dragapult,887,30,500,300,True,88,120,75,100,75,142,dragon
zacian,888,28,1100,335,True,92,120,115,80,115,138,fairy
zamazenta,889,29,2100,335,True,92,120,115,80,115,138,fighting
eternatus,890,200,9500,345,True,140,85,95,145,95,130,poison
kubfu,891,6,120,77,True,60,90,60,53,50,72,fighting
urshifu-single-strike,892,19,1050,275,True,100,130,100,63,60,97,fighting
zarude,893,18,700,300,True,105,120,105,70,95,105,dark
regieleki,894,12,1450,290,True,80,100,50,100,50,200,electric
regidrago,895,21,2000,290,True,200,100,50,100,50,80,dragon
glastrier,896,22,8000,290,True,100,145,130,65,110,30,ice
spectrier,897,20,445,290,True,100,65,60,145,80,130,ghost
calyrex,898,11,77,250,True,100,80,80,80,80,80,psychic
wyrdeer,899,18,951,263,True,103,105,72,105,75,65,normal
kleavor,900,18,890,175,True,70,135,95,45,70,85,bug
ursaluna,901,24,2900,275,True,130,140,105,45,80,50,ground
basculegion-male,902,30,1100,265,True,120,112,65,80,75,78,water
sneasler,903,13,430,102,True,80,130,60,40,80,120,fighting
overqwil,904,25,605,179,True,85,115,95,65,65,85,dark
enamorus-incarnate,905,16,480,116,True,74,115,70,135,80,106,fairy
sprigatito,906,4,41,62,True,40,61,54,45,45,65,grass
floragato,907,9,122,144,True,61,80,63,60,63,83,grass
meowscarada,908,15,312,265,True,76,110,70,81,70,123,grass
fuecoco,909,4,98,62,True,67,45,59,63,40,36,fire
crocalor,910,10,307,144,True,81,55,78,90,58,49,fire
skeledirge,911,16,3265,265,True,104,75,100,110,75,66,fire
quaxly,912,5,61,62,True,55,65,45,50,45,50,water
quaxwell,913,12,215,144,True,70,85,65,65,60,65,water
quaquaval,914,18,619,265,True,85,120,80,85,75,85,water
lechonk,915,5,102,51,True,54,45,40,35,45,35,normal
oinkologne-male,916,10,1200,171,True,110,100,75,59,80,65,normal
tarountula,917,3,40,42,True,35,41,45,29,40,20,bug
spidops,918,10,165,141,True,60,79,92,52,86,35,bug
nymble,919,2,10,42,True,33,46,40,21,25,45,bug
lokix,920,10,175,158,True,71,102,78,52,55,92,bug
pawmi,921,3,25,48,True,45,50,20,40,25,60,electric
pawmo,922,4,65,123,True,60,75,40,50,40,85,electric
pawmot,923,9,410,245,True,70,115,70,70,60,105,electric
tandemaus,924,3,18,61,True,50,50,45,40,45,75,normal
maushold-family-of-four,925,3,28,165,True,74,75,70,65,75,111,normal
fidough,926,3,109,62,True,37,55,70,30,55,65,fairy
dachsbun,927,5,149,167,True,57,80,115,50,80,95,fairy
smoliv,928,3,65,52,True,41,35,45,58,51,30,grass
dolliv,929,6,119,124,True,52,53,60,78,78,33,grass
arboliva,930,14,482,255,True,78,69,90,125,109,39,grass
squawkabilly-green-plumage,931,6,24,146,True,82,96,51,45,51,92,normal
nacli,932,4,160,56,True,55,55,75,35,35,25,rock
naclstack,933,6,1050,124,True,60,60,100,35,65,35,rock
garganacl,934,23,2400,250,True,100,100,130,45,90,35,rock
charcadet,935,6,105,51,True,40,50,40,50,40,35,fire
armarouge,936,15,850,263,True,85,60,100,125,80,75,fire
ceruledge,937,16,620,263,True,75,125,80,60,100,85,fire
tadbulb,938,3,4,54,True,61,31,41,59,35,45,electric
bellibolt,939,12,1130,173,True,109,64,91,103,83,45,electric
wattrel,940,4,36,56,True,40,40,35,55,40,70,electric
kilowattrel,941,14,386,172,True,70,70,60,105,60,125,electric
maschiff,942,5,160,68,True,60,78,60,40,51,51,dark
mabosstiff,943,11,610,177,True,80,120,90,60,70,85,dark
shroodle,944,2,7,58,True,40,65,35,40,35,75,poison
grafaiai,945,7,272,170,True,63,95,65,80,72,110,poison
bramblin,946,6,6,55,True,40,65,30,45,35,60,grass
brambleghast,947,12,60,168,True,55,115,70,80,70,90,grass
toedscool,948,9,330,67,True,40,40,35,50,100,70,ground
toedscruel,949,19,580,180,True,80,70,65,80,120,100,ground
klawf,950,13,790,158,True,70,100,115,35,55,75,rock
capsakid,951,3,30,61,True,50,62,40,62,40,50,grass
scovillain,952,9,150,170,True,65,108,65,108,65,75,grass
rellor,953,2,10,54,True,41,50,60,31,58,30,bug
rabsca,954,3,35,165,True,75,50,85,115,100,45,bug
flittle,955,2,15,51,True,30,35,30,55,30,75,psychic
espathra,956,19,900,168,True,95,60,60,101,60,105,psychic
tinkatink,957,4,89,59,True,50,45,45,35,64,58,fairy
tinkatuff,958,7,591,133,True,65,55,55,45,82,78,fairy
tinkaton,959,7,1128,253,True,85,75,77,70,105,94,fairy
wiglett,960,12,18,49,True,10,55,25,35,25,95,water
wugtrio,961,12,54,149,True,35,100,50,50,70,120,water
bombirdier,962,15,429,243,True,70,103,85,60,85,82,flying
finizen,963,13,602,63,True,70,45,40,45,40,75,water
palafin-zero,964,13,602,160,True,100,70,72,53,62,100,water
varoom,965,10,350,60,True,45,70,63,30,45,47,steel
revavroom,966,18,1200,175,True,80,119,90,54,67,90,steel
cyclizar,967,16,630,175,True,70,95,65,85,65,121,dragon
orthworm,968,25,3100,240,True,70,85,145,60,55,65,steel
glimmet,969,7,80,70,True,48,35,42,105,60,60,rock
glimmora,970,15,450,184,True,83,55,90,130,81,86,rock
greavard,971,6,350,58,True,50,61,60,30,55,34,ghost
houndstone,972,20,150,171,True,72,101,100,50,97,68,ghost
flamigo,973,16,370,175,True,82,115,74,75,64,90,flying
cetoddle,974,12,450,67,True,108,68,45,30,40,43,ice
cetitan,975,45,7000,182,True,170,113,65,45,55,73,ice
veluza,976,25,900,167,True,90,102,73,78,65,70,water
dondozo,977,120,2200,265,True,150,100,115,65,65,35,water
tatsugiri-curly,978,3,80,166,True,68,50,60,120,95,82,dragon
annihilape,979,12,560,268,True,110,115,80,50,90,90,fighting
clodsire,980,18,2230,151,True,130,75,60,45,100,20,poison
farigiraf,981,32,1600,260,True,120,90,70,110,70,60,normal
dudunsparce-two-segment,982,36,392,182,True,125,100,80,85,75,55,normal
kingambit,983,20,1200,275,True,100,135,120,60,85,50,dark
great-tusk,984,22,3200,285,True,115,131,131,53,53,87,ground
scream-tail,985,12,80,285,True,115,65,99,65,115,111,fairy
brute-bonnet,986,12,210,285,True,111,127,99,79,99,55,grass
flutter-mane,987,14,40,285,True,55,55,55,135,135,135,ghost
slither-wing,988,32,920,285,True,85,135,79,85,105,81,bug
sandy-shocks,989,23,600,285,True,85,81,97,121,85,101,electric
iron-treads,990,9,2400,285,True,90,112,120,72,70,106,ground
iron-bundle,991,6,110,285,True,56,80,114,124,60,136,ice
iron-hands,992,18,3807,285,True,154,140,108,50,68,50,fighting
iron-jugulis,993,13,1110,285,True,94,80,86,122,80,108,dark
iron-moth,994,12,360,285,True,80,70,60,140,110,110,fire
iron-thorns,995,16,3030,285,True,100,134,110,70,84,72,rock
frigibax,996,5,170,64,True,65,75,45,35,45,55,dragon
arctibax,997,8,300,148,True,90,95,66,45,65,62,dragon
baxcalibur,998,21,2100,300,True,115,145,92,75,86,87,dragon
gimmighoul,999,3,50,60,True,45,30,70,75,70,10,ghost
gholdengo,1000,12,300,275,True,87,60,95,133,91,84,steel
